"Reference","Value","Footprint","MPN","QUANTITY"
"C1","1u","Capacitor_SMD:C_0603_1608Metric","","1"
"C2,C3","4.7u","Capacitor_SMD:C_0603_1608Metric","","2"
"C4,C7","100n","Capacitor_SMD:C_0603_1608Metric","","2"
"C5,C6,C8","10u","Capacitor_SMD:C_0603_1608Metric","","3"
"C9,C10","12p","Capacitor_SMD:C_0603_1608Metric","","2"
"D1","red","LED_SMD:LED_0603_1608Metric","150060RS75000","1"
"D2","blue","LED_SMD:LED_0603_1608Metric","150060BS75000","1"
"J1","USB4105-GF-A","Connector_USB:USB_C_Receptacle_GCT_USB4105-xx-A_16P_TopMnt_Horizontal","USB4105-GF-A","1"
"J2","SJ-3523-SMT","Connector_Audio:Jack_3.5mm_CUI_SJ-3523-SMT_Horizontal","SJ-3523-SMT-TR","1"
"J3","JST PH battery","Connector_JST:JST_PH_S2B-PH-SM4-TB_1x02-1MP_P2.00mm_Horizontal","S2B-PH-SM4-TB(LF)(SN)","1"
"L1","10u","Inductor_SMD:L_0603_1608Metric","","1"
"R1,R2,R5","5.1k","Resistor_SMD:R_0603_1608Metric","","3"
"R3","10k","Resistor_SMD:R_0603_1608Metric","","1"
"R4","3.09k","Resistor_SMD:R_0603_1608Metric","","1"
"R6,R7","100k","Resistor_SMD:R_0603_1608Metric","","2"
"R8,R9","1M","Resistor_SMD:R_0603_1608Metric","","2"
"R10,R11","470","Resistor_SMD:R_0603_1608Metric","","2"
"R12,R13","1k","Resistor_SMD:R_0603_1608Metric","","2"
"R14,R15","27","Resistor_SMD:R_0603_1608Metric","","2"
"SW1","reset","Button_Switch_SMD:Panasonic_EVQPUL_EVQPUC","EVQ-PUC02K","1"
"U1","MDBT50Q-1MV2","RF_Module:Raytac_MDBT50Q","MDBT50Q-1MV2","1"
"U2","BQ24074RGTR","Package_DFN_QFN:VQFN-16-1EP_3x3mm_P0.5mm_EP1.6x1.6mm","BQ24074RGTR","1"
"U3","USBLC6-2SC6","Package_TO_SOT_SMD:SOT-23-6","USBLC6-2SC6","1"
"Y1","32.768k","Crystal:Crystal_SMD_2012-2Pin_2.0x1.2mm","","1"
