Designator,Mid X,Mid Y,Layer,Rotation
C1,141.900mm,-119.500mm,Top,0
C2,133.200mm,-121.100mm,Top,90
C3,136.000mm,-124.900mm,Top,0
C4,115.500mm,-109.000mm,Top,90
C5,127.400mm,-121.900mm,Top,90
C6,127.800mm,-118.200mm,Top,90
C7,129.000mm,-121.900mm,Top,90
C8,129.600mm,-118.200mm,Top,90
C9,119.800mm,-118.200mm,Top,90
C10,124.500mm,-118.200mm,Top,90
D1,141.000mm,-103.400mm,Top,0
D2,141.000mm,-105.200mm,Top,0
J1,144.325mm,-112.000mm,Top,90
J2,106.000mm,-116.000mm,Top,0
J3,105.500mm,-105.000mm,Top,90
L1,126.000mm,-118.200mm,Top,90
R1,138.000mm,-103.800mm,Top,0
R2,138.000mm,-102.200mm,Top,0
R3,139.000mm,-124.900mm,Top,0
R4,133.400mm,-124.500mm,Top,90
R5,130.000mm,-124.500mm,Top,90
R6,117.000mm,-109.000mm,Top,90
R7,118.500mm,-109.000mm,Top,90
R8,112.500mm,-109.000mm,Top,90
R9,114.000mm,-109.000mm,Top,90
R10,117.000mm,-113.000mm,Top,90
R11,117.000mm,-116.000mm,Top,90
R12,135.600mm,-105.600mm,Top,0
R13,135.600mm,-107.000mm,Top,0
R14,134.400mm,-115.400mm,Top,90
R15,136.000mm,-115.400mm,Top,90
SW1,144.000mm,-123.700mm,Top,180
U1,125.000mm,-108.290mm,Top,0
U2,137.000mm,-121.100mm,Top,0
U3,136.200mm,-110.500mm,Top,0
Y1,122.200mm,-118.200mm,Top,0
