Designator,MPN/Seeed SKU,Qty,Link
C1,CL05A105KA5NQNC,1,
"C2,C3",CL10A475KO8NNNC,2,
"C4,C7",CL05B104KO5NNNC,2,
"C5,C6,C8",CL10A106KP8NNNC,3,
"C10,C9",GRM1555C1H120GA01D,2,
D1,150060RS75000,1,
D2,150060BS75000,1,
J1,USB4105-GF-A,1,
J2,SJ-3523-SMT-TR,1,
J3,S2B-PH-SM4-TB(LF)(SN),1,
L1,LBMF1608T100K,1,
"R1,R2,R5",0402WGF5101TCE,3,
"R10,R11",0402WGF4700TCE,2,
"R12,R13",0402WGF1001TCE,2,
"R14,R15",0402WGF270JTCE,2,
R3,0402WGF1002TCE,1,
R4,0402WGF3091TCE,1,
"R6,R7",0402WGF1003TCE,2,
"R8,R9",0402WGF1004TCE,2,
SW1,EVQ-PUC02K,1,
U1,113990582,1,
U2,BQ24074RGTR,1,
U3,USBLC6-2SC6,1,
Y1,FC-12M 32.7680KA-AC0,1,
