Designator,Mid X(mm),Mid Y(mm),Layer,Rotation
C1,141.900,-119.500,T,0
C2,133.200,-121.100,T,90
C3,136.000,-124.900,T,0
C4,115.500,-109.000,T,90
C5,127.400,-121.900,T,90
C6,127.800,-118.200,T,90
C7,129.000,-121.900,T,90
C8,129.600,-118.200,T,90
C9,119.800,-118.200,T,90
C10,124.500,-118.200,T,90
D1,141.000,-103.400,T,0
D2,141.000,-105.200,T,0
J1,144.325,-112.000,T,90
J2,106.000,-116.000,T,90
J3,105.500,-105.000,T,90
L1,126.000,-118.200,T,90
R1,138.000,-103.800,T,0
R2,138.000,-102.200,T,0
R3,139.000,-124.900,T,0
R4,133.400,-124.500,T,90
R5,130.000,-124.500,T,90
R6,117.000,-109.000,T,90
R7,118.500,-109.000,T,90
R8,112.500,-109.000,T,90
R9,114.000,-109.000,T,90
R10,117.000,-113.000,T,90
R11,117.000,-116.000,T,90
R12,135.600,-105.600,T,0
R13,135.600,-107.000,T,0
R14,134.400,-115.400,T,90
R15,136.000,-115.400,T,90
SW1,144.000,-123.700,T,180
U1,125.000,-108.290,T,0
U2,137.000,-121.100,T,0
U3,136.200,-110.500,T,0
Y1,122.200,-118.200,T,0
