Comment,Designator,Footprint,LCSC Part #
1u,C1,C_0402_1005Metric,C52923
4.7u,"C2,C3",C_0603_1608Metric,C19666
100n,"C4,C7",C_0402_1005Metric,C1525
10u,"C5,C6,C8",C_0603_1608Metric,C19702
12p,"C9,C10",C_0402_1005Metric,C1547
red,D1,LED_0603_1608Metric,C2286
blue,D2,LED_0603_1608Metric,C2986058
USB4105-GF-A,J1,USB_C_Receptacle_GCT_USB4105-xx-A_16P_TopMnt_Horizontal,C5184243
SJ-3523-SMT,J2,Jack_3.5mm_CUI_SJ-3523-SMT_Horizontal,C4991872
JST PH battery,J3,JST_PH_S2B-PH-SM4-TB_1x02-1MP_P2.00mm_Horizontal,C295747
10u,L1,L_0603_1608Metric,C87216
5.1k,"R1,R2,R5",R_0402_1005Metric,C25905
10k,R3,R_0402_1005Metric,C25744
3.09k,R4,R_0402_1005Metric,C11460
100k,"R6,R7",R_0402_1005Metric,C25741
1M,"R8,R9",R_0402_1005Metric,C26083
470,"R10,R11",R_0402_1005Metric,C25117
1k,"R12,R13",R_0402_1005Metric,C11702
27,"R14,R15",R_0402_1005Metric,C25100
reset,SW1,Panasonic_EVQPUL_EVQPUC,C79174
MDBT50Q-1MV2,U1,Raytac_MDBT50Q,C5118826
BQ24074RGTR,U2,VQFN-16-1EP_3x3mm_P0.5mm_EP1.6x1.6mm,C54313
USBLC6-2SC6,U3,SOT-23-6,C7519
32.768k,Y1,Crystal_SMD_2012-2Pin_2.0x1.2mm,C96341
